benchmark,hostname,num_procs,oversubscribed,avg_time,std_dev
all_to_all, Aureolin, 1, 0, 1.537846e-07, 2.961905e-07
all_to_all, Aureolin, 1, 0, 1.181947e-07, 7.738180e-09
all_to_all, Aureolin, 1, 0, 1.166687e-07, 2.959427e-09
all_to_all, Aureolin, 1, 0, 1.170035e-07, 6.721489e-09
all_to_all, Aureolin, 1, 0, 1.200119e-07, 2.055642e-08
all_to_all, Aureolin, 1, 0, 1.259325e-07, 2.760309e-08
all_to_all, Aureolin, 1, 0, 1.202244e-07, 2.679895e-08
all_to_all, Aureolin, 1, 0, 1.277531e-07, 3.060498e-08
all_to_all, Aureolin, 1, 0, 1.176976e-07, 4.050159e-09
all_to_all, Aureolin, 1, 0, 1.163795e-07, 2.726555e-09
all_to_all, Aureolin, 1, 0, 1.165561e-07, 3.346895e-09
all_to_all, Aureolin, 1, 0, 1.220517e-07, 3.255742e-08
all_to_all, Aureolin, 1, 0, 1.246167e-07, 3.083209e-08
all_to_all, Aureolin, 1, 0, 1.242487e-07, 6.827641e-08
all_to_all, Aureolin, 1, 0, 1.178001e-07, 6.957454e-09
all_to_all, Aureolin, 1, 0, 1.213416e-07, 1.287788e-08
all_to_all, Aureolin, 1, 0, 1.343146e-07, 1.692836e-07
all_to_all, Aureolin, 1, 0, 1.284164e-07, 9.591493e-08
all_to_all, Aureolin, 1, 0, 1.369263e-07, 8.465681e-08
all_to_all, Aureolin, 1, 0, 1.235098e-07, 1.193355e-08
all_to_all, Aureolin, 1, 0, 1.181999e-07, 4.842693e-09
all_to_all, Aureolin, 1, 0, 1.182111e-07, 2.095151e-09
all_to_all, Aureolin, 1, 0, 1.167409e-07, 5.144182e-09
all_to_all, Aureolin, 1, 0, 1.170761e-07, 3.502452e-09
all_to_all, Aureolin, 1, 0, 1.278397e-07, 8.146726e-08
all_to_all, Aureolin, 1, 0, 1.176897e-07, 3.146080e-09
all_to_all, Aureolin, 1, 0, 1.246776e-07, 6.999556e-08
all_to_all, Aureolin, 1, 0, 1.178106e-07, 5.149750e-09
all_to_all, Aureolin, 1, 0, 1.248644e-07, 1.257678e-08
all_to_all, Aureolin, 1, 0, 1.181666e-07, 6.607838e-09
all_to_all, Aureolin, 1, 0, 1.163145e-07, 4.939498e-09
all_to_all, Aureolin, 1, 0, 1.157738e-07, 1.369277e-09
all_to_all, Aureolin, 2, 0, 1.487264e-06, 1.760257e-07
all_to_all, Aureolin, 2, 0, 1.707767e-06, 9.998621e-07
all_to_all, Aureolin, 2, 0, 1.622172e-06, 7.075647e-07
all_to_all, Aureolin, 2, 0, 1.473835e-06, 3.588479e-07
all_to_all, Aureolin, 2, 0, 1.468754e-06, 1.446349e-07
all_to_all, Aureolin, 2, 0, 1.571558e-06, 5.092788e-07
all_to_all, Aureolin, 2, 0, 1.728717e-06, 9.084013e-07
all_to_all, Aureolin, 2, 0, 1.508141e-06, 3.799140e-07
all_to_all, Aureolin, 2, 0, 1.591400e-06, 2.841670e-07
all_to_all, Aureolin, 2, 0, 1.577171e-06, 1.922557e-07
all_to_all, Aureolin, 2, 0, 1.637632e-06, 5.842516e-07
all_to_all, Aureolin, 2, 0, 1.711988e-06, 6.720708e-07
all_to_all, Aureolin, 2, 0, 1.581805e-06, 4.060638e-07
all_to_all, Aureolin, 2, 0, 1.556696e-06, 4.246226e-07
all_to_all, Aureolin, 2, 0, 1.522670e-06, 1.328869e-07
all_to_all, Aureolin, 2, 0, 1.488216e-06, 1.992409e-07
all_to_all, Aureolin, 2, 0, 1.480041e-06, 3.335025e-07
all_to_all, Aureolin, 2, 0, 1.525543e-06, 5.736440e-07
all_to_all, Aureolin, 2, 0, 1.545159e-06, 6.676128e-07
all_to_all, Aureolin, 2, 0, 1.639761e-06, 1.204677e-06
all_to_all, Aureolin, 2, 0, 1.450006e-06, 1.475778e-07
all_to_all, Aureolin, 2, 0, 1.483975e-06, 1.977546e-07
all_to_all, Aureolin, 2, 0, 1.580806e-06, 2.963798e-07
all_to_all, Aureolin, 2, 0, 1.537226e-06, 5.320400e-07
all_to_all, Aureolin, 2, 0, 1.786756e-06, 1.708213e-06
all_to_all, Aureolin, 2, 0, 1.500483e-06, 2.579857e-07
all_to_all, Aureolin, 2, 0, 1.518476e-06, 2.882524e-07
all_to_all, Aureolin, 2, 0, 1.562703e-06, 2.599764e-07
all_to_all, Aureolin, 2, 0, 1.555774e-06, 2.873478e-07
all_to_all, Aureolin, 2, 0, 1.634821e-06, 4.077800e-07
all_to_all, Aureolin, 2, 0, 1.704445e-06, 1.367457e-06
all_to_all, Aureolin, 2, 0, 1.495585e-06, 1.778566e-07
all_to_all, Aureolin, 4, 0, 5.851560e-06, 9.796930e-07
all_to_all, Aureolin, 4, 0, 6.166179e-06, 1.081189e-06
all_to_all, Aureolin, 4, 0, 6.008293e-06, 9.552896e-07
all_to_all, Aureolin, 4, 0, 5.769875e-06, 1.003077e-06
all_to_all, Aureolin, 4, 0, 5.758005e-06, 8.213252e-07
all_to_all, Aureolin, 4, 0, 5.937923e-06, 1.271932e-06
all_to_all, Aureolin, 4, 0, 5.823390e-06, 8.397074e-07
all_to_all, Aureolin, 4, 0, 6.107075e-06, 1.467651e-06
all_to_all, Aureolin, 4, 0, 5.930333e-06, 1.033297e-06
all_to_all, Aureolin, 4, 0, 6.053935e-06, 1.540459e-06
all_to_all, Aureolin, 4, 0, 5.942965e-06, 1.046986e-06
all_to_all, Aureolin, 4, 0, 6.117593e-06, 1.449112e-06
all_to_all, Aureolin, 4, 0, 5.862650e-06, 1.295735e-06
all_to_all, Aureolin, 4, 0, 5.977471e-06, 1.055966e-06
all_to_all, Aureolin, 4, 0, 6.008375e-06, 1.782378e-06
all_to_all, Aureolin, 4, 0, 5.752042e-06, 1.175703e-06
all_to_all, Aureolin, 4, 0, 6.237164e-06, 1.226474e-06
all_to_all, Aureolin, 4, 0, 5.900932e-06, 1.373200e-06
all_to_all, Aureolin, 4, 0, 5.924450e-06, 1.892130e-06
all_to_all, Aureolin, 4, 0, 5.694788e-06, 6.782335e-07
all_to_all, Aureolin, 4, 0, 5.724565e-06, 6.117156e-07
all_to_all, Aureolin, 4, 0, 5.897485e-06, 1.360445e-06
all_to_all, Aureolin, 4, 0, 7.487362e-06, 1.656696e-06
all_to_all, Aureolin, 4, 0, 7.368413e-06, 9.381441e-07
all_to_all, Aureolin, 4, 0, 7.184158e-06, 1.265036e-06
all_to_all, Aureolin, 4, 0, 6.986771e-06, 1.134030e-06
all_to_all, Aureolin, 4, 0, 7.570586e-06, 1.925881e-06
all_to_all, Aureolin, 4, 0, 7.795419e-06, 1.880813e-06
all_to_all, Aureolin, 4, 0, 7.575301e-06, 2.153833e-06
all_to_all, Aureolin, 4, 0, 7.959799e-06, 2.019956e-06
all_to_all, Aureolin, 4, 0, 7.300142e-06, 1.996000e-06
all_to_all, Aureolin, 4, 0, 7.531249e-06, 1.256366e-06
all_to_all, Aureolin, 6, 0, 1.496416e-05, 2.497748e-06
all_to_all, Aureolin, 6, 0, 1.610167e-05, 2.727460e-06
all_to_all, Aureolin, 6, 0, 1.447392e-05, 1.823924e-06
all_to_all, Aureolin, 6, 0, 1.543719e-05, 2.885029e-06
all_to_all, Aureolin, 6, 0, 1.578544e-05, 2.100875e-06
all_to_all, Aureolin, 6, 0, 1.737470e-05, 3.303512e-06
all_to_all, Aureolin, 6, 0, 1.612956e-05, 4.051136e-06
all_to_all, Aureolin, 6, 0, 1.655595e-05, 2.291137e-06
all_to_all, Aureolin, 6, 0, 1.660603e-05, 2.596188e-06
all_to_all, Aureolin, 6, 0, 1.584587e-05, 2.873439e-06
all_to_all, Aureolin, 6, 0, 1.440037e-05, 1.640240e-06
all_to_all, Aureolin, 6, 0, 1.424134e-05, 2.417890e-06
all_to_all, Aureolin, 6, 0, 1.618419e-05, 1.609007e-06
all_to_all, Aureolin, 6, 0, 1.550746e-05, 1.692490e-06
all_to_all, Aureolin, 6, 0, 1.370583e-05, 1.103723e-06
all_to_all, Aureolin, 6, 0, 1.491286e-05, 3.574292e-06
all_to_all, Aureolin, 8, 0, 1.834464e-05, 4.060437e-06
all_to_all, Aureolin, 8, 0, 2.528244e-05, 3.364758e-06
all_to_all, Aureolin, 8, 0, 2.604549e-05, 3.054475e-06
all_to_all, Aureolin, 8, 0, 2.576474e-05, 2.894661e-06
all_to_all, Aureolin, 8, 0, 2.610507e-05, 2.958778e-06
all_to_all, Aureolin, 8, 0, 2.587992e-05, 2.858288e-06
all_to_all, Aureolin, 8, 0, 2.552260e-05, 2.717195e-06
all_to_all, Aureolin, 8, 0, 2.557587e-05, 2.352242e-06
all_to_all, Aureolin, 8, 0, 2.590335e-05, 3.161091e-06
all_to_all, Aureolin, 8, 0, 2.612380e-05, 3.210058e-06
all_to_all, Aureolin, 8, 0, 2.592991e-05, 2.942086e-06
all_to_all, Aureolin, 8, 0, 2.569390e-05, 2.972997e-06
all_to_all, Aureolin, 8, 0, 2.608942e-05, 3.571628e-06
all_to_all, Aureolin, 8, 0, 2.550440e-05, 2.787648e-06
all_to_all, Aureolin, 8, 0, 2.636723e-05, 3.522138e-06
all_to_all, Aureolin, 8, 0, 2.612298e-05, 2.959984e-06
all_to_all, Aureolin, 8, 0, 2.599559e-05, 3.295011e-06
all_to_all, Aureolin, 16, 1, 8.278208e-05, 1.472527e-05
all_to_all, Aureolin, 16, 1, 7.939273e-05, 5.226897e-06
all_to_all, Aureolin, 16, 1, 7.900187e-05, 5.994155e-06
all_to_all, Aureolin, 16, 1, 8.005511e-05, 5.592659e-06
all_to_all, Aureolin, 16, 1, 7.876744e-05, 5.773461e-06
all_to_all, Aureolin, 16, 1, 7.940697e-05, 6.050766e-06
all_to_all, Aureolin, 16, 1, 7.939548e-05, 6.000735e-06
all_to_all, Aureolin, 16, 1, 7.897084e-05, 5.977805e-06
all_to_all, Aureolin, 16, 1, 7.871013e-05, 5.103532e-06
all_to_all, Aureolin, 16, 1, 7.836250e-05, 4.836894e-06
all_to_all, Aureolin, 16, 1, 8.020424e-05, 7.197554e-06
all_to_all, Aureolin, 16, 1, 7.974175e-05, 4.968434e-06
all_to_all, Aureolin, 16, 1, 7.931713e-05, 5.676978e-06
all_to_all, Aureolin, 16, 1, 7.956110e-05, 5.538617e-06
all_to_all, Aureolin, 16, 1, 7.947136e-05, 5.923425e-06
all_to_all, Aureolin, 16, 1, 7.960728e-05, 6.251409e-06
all_to_all, Aureolin, 24, 1, 1.197270e-03, 3.466758e-04
all_to_all, Aureolin, 24, 1, 1.063582e-03, 2.357712e-04
all_to_all, Aureolin, 24, 1, 8.686678e-04, 1.540747e-04
all_to_all, Aureolin, 24, 1, 8.190916e-04, 8.455076e-05
all_to_all, Aureolin, 24, 1, 8.808680e-04, 9.574032e-05
all_to_all, Aureolin, 24, 1, 8.607658e-04, 1.384282e-04
all_to_all, Aureolin, 32, 1, 2.240166e-03, 2.472879e-04
all_to_all, Aureolin, 32, 1, 1.860877e-03, 4.799535e-04
all_to_all, Aureolin, 32, 1, 1.323111e-03, 1.780498e-04
all_to_all, Aureolin, 32, 1, 1.296139e-03, 1.281588e-04
all_to_all, Aureolin, 32, 1, 9.640674e-04, 5.092962e-04
all_to_all, Aureolin, 32, 1, 4.780317e-04, 2.342602e-04
all_to_all, Aureolin, 32, 1, 5.639515e-04, 3.251358e-04
all_to_all, Aureolin, 32, 1, 7.768768e-04, 7.468065e-04
count_primes, Aureolin, 1, 0, 7.930428e-05, 2.009684e-06
count_primes, Aureolin, 1, 0, 7.755499e-05, 1.199877e-06
count_primes, Aureolin, 1, 0, 7.806481e-05, 2.031604e-06
count_primes, Aureolin, 1, 0, 7.831148e-05, 1.623615e-06
count_primes, Aureolin, 1, 0, 7.868909e-05, 1.976073e-06
count_primes, Aureolin, 1, 0, 7.776584e-05, 1.690134e-06
count_primes, Aureolin, 1, 0, 7.836169e-05, 1.517641e-06
count_primes, Aureolin, 1, 0, 7.825984e-05, 2.065884e-06
count_primes, Aureolin, 2, 0, 8.228726e-05, 1.602608e-06
count_primes, Aureolin, 2, 0, 8.318276e-05, 2.179562e-06
count_primes, Aureolin, 2, 0, 8.418220e-05, 2.259546e-06
count_primes, Aureolin, 2, 0, 8.357019e-05, 1.833328e-06
count_primes, Aureolin, 2, 0, 8.922816e-05, 1.373100e-05
count_primes, Aureolin, 2, 0, 8.520903e-05, 1.975248e-06
count_primes, Aureolin, 2, 0, 8.712204e-05, 1.733953e-06
count_primes, Aureolin, 2, 0, 8.658925e-05, 1.558322e-06
count_primes, Aureolin, 4, 0, 1.071840e-04, 5.687424e-06
count_primes, Aureolin, 4, 0, 1.078322e-04, 1.043722e-05
count_primes, Aureolin, 4, 0, 1.043234e-04, 8.285070e-06
count_primes, Aureolin, 4, 0, 1.033673e-04, 1.085958e-05
count_primes, Aureolin, 4, 0, 1.049946e-04, 6.490534e-06
count_primes, Aureolin, 4, 0, 1.056250e-04, 4.404019e-06
count_primes, Aureolin, 4, 0, 1.078034e-04, 8.868858e-06
count_primes, Aureolin, 4, 0, 1.043857e-04, 4.715865e-06
count_primes, Aureolin, 6, 0, 1.467914e-04, 1.245414e-05
count_primes, Aureolin, 6, 0, 1.502026e-04, 1.856114e-05
count_primes, Aureolin, 6, 0, 1.491275e-04, 2.050042e-05
count_primes, Aureolin, 6, 0, 1.457164e-04, 2.316663e-05
count_primes, Aureolin, 6, 0, 1.467796e-04, 2.547669e-05
count_primes, Aureolin, 6, 0, 1.396496e-04, 2.569380e-05
count_primes, Aureolin, 6, 0, 1.191194e-04, 1.677030e-05
count_primes, Aureolin, 6, 0, 1.256685e-04, 2.166582e-05
count_primes, Aureolin, 8, 0, 1.769905e-04, 4.763562e-06
count_primes, Aureolin, 8, 0, 1.803922e-04, 4.655650e-06
count_primes, Aureolin, 8, 0, 1.798799e-04, 5.014137e-06
count_primes, Aureolin, 8, 0, 1.796366e-04, 3.584102e-06
count_primes, Aureolin, 8, 0, 1.790466e-04, 3.478171e-06
count_primes, Aureolin, 8, 0, 1.805094e-04, 3.464963e-06
count_primes, Aureolin, 8, 0, 1.782479e-04, 3.847903e-06
count_primes, Aureolin, 8, 0, 1.781877e-04, 4.525778e-06
count_primes, Aureolin, 16, 1, 2.138351e-04, 1.152188e-05
count_primes, Aureolin, 16, 1, 2.223234e-04, 7.183313e-06
count_primes, Aureolin, 16, 1, 2.205326e-04, 9.040823e-06
count_primes, Aureolin, 16, 1, 2.121106e-04, 5.086356e-06
count_primes, Aureolin, 16, 1, 2.109811e-04, 3.710406e-06
count_primes, Aureolin, 16, 1, 2.259419e-04, 5.021326e-05
count_primes, Aureolin, 16, 1, 2.143287e-04, 1.308352e-05
count_primes, Aureolin, 16, 1, 2.168025e-04, 1.025552e-05
count_primes, Aureolin, 24, 1, 2.226281e-03, 2.858264e-04
count_primes, Aureolin, 24, 1, 1.979715e-03, 1.836226e-04
count_primes, Aureolin, 24, 1, 1.992997e-03, 2.249207e-04
count_primes, Aureolin, 24, 1, 1.914509e-03, 2.095506e-04
count_primes, Aureolin, 24, 1, 2.001188e-03, 2.135980e-04
count_primes, Aureolin, 24, 1, 1.842580e-03, 2.160192e-04
count_primes, Aureolin, 24, 1, 1.135683e-03, 8.678888e-04
count_primes, Aureolin, 24, 1, 4.629840e-04, 4.603730e-05
count_primes, Aureolin, 32, 1, 6.703874e-04, 4.879114e-05
count_primes, Aureolin, 32, 1, 6.590005e-04, 4.078492e-05
count_primes, Aureolin, 32, 1, 7.121469e-04, 2.498158e-04
count_primes, Aureolin, 32, 1, 6.423367e-04, 2.617384e-05
count_primes, Aureolin, 32, 1, 6.399300e-04, 2.533654e-05
count_primes, Aureolin, 32, 1, 6.522193e-04, 3.433821e-05
count_primes, Aureolin, 32, 1, 6.540838e-04, 3.133378e-05
count_primes, Aureolin, 32, 1, 6.524110e-04, 2.570845e-05
count_primes, Aureolin, 64, 1, 1.418788e-03, 6.524316e-05
count_primes, Aureolin, 64, 1, 1.447442e-03, 1.863479e-04
count_primes, Aureolin, 64, 1, 1.422907e-03, 4.440187e-05
count_primes, Aureolin, 64, 1, 1.431963e-03, 6.305896e-05
count_primes, Aureolin, 64, 1, 1.437887e-03, 7.669125e-05
count_primes, Aureolin, 64, 1, 1.432179e-03, 1.031108e-04
count_primes, Aureolin, 64, 1, 1.411519e-03, 7.279286e-05
count_primes, Aureolin, 64, 1, 1.429827e-03, 1.598055e-04
count_primes, Aureolin, 128, 1, 4.252819e-03, 4.174070e-04
count_primes, Aureolin, 128, 1, 4.284395e-03, 2.352961e-04
count_primes, Aureolin, 128, 1, 4.521055e-03, 5.154213e-04
count_primes, Aureolin, 128, 1, 4.677062e-03, 2.204265e-03
count_primes, Aureolin, 128, 1, 9.420275e-03, 6.350663e-03
count_primes, Aureolin, 128, 1, 4.347251e-03, 2.580470e-04
count_primes, Aureolin, 128, 1, 4.303264e-03, 2.731512e-04
count_primes, Aureolin, 128, 1, 4.206052e-03, 1.591019e-04
all_to_all, Celeste, 1, 0, 1.980762e-07, 4.267016e-07
all_to_all, Celeste, 1, 0, 1.720512e-07, 5.840168e-08
all_to_all, Celeste, 1, 0, 1.539692e-07, 4.140428e-09
all_to_all, Celeste, 1, 0, 1.541892e-07, 3.685707e-09
all_to_all, Celeste, 1, 0, 1.549321e-07, 5.033173e-09
all_to_all, Celeste, 1, 0, 2.434193e-07, 9.368812e-08
all_to_all, Celeste, 1, 0, 1.871842e-07, 6.990631e-08
all_to_all, Celeste, 1, 0, 1.562922e-07, 8.302164e-09
all_to_all, Celeste, 2, 0, 1.499310e-06, 9.197181e-08
all_to_all, Celeste, 2, 0, 1.556645e-06, 1.201079e-07
all_to_all, Celeste, 2, 0, 1.577241e-06, 2.304065e-07
all_to_all, Celeste, 2, 0, 1.479807e-06, 3.361423e-08
all_to_all, Celeste, 2, 0, 1.468352e-06, 6.316019e-08
all_to_all, Celeste, 2, 0, 1.499943e-06, 6.163496e-08
all_to_all, Celeste, 2, 0, 1.477782e-06, 8.038369e-08
all_to_all, Celeste, 2, 0, 1.507150e-06, 1.211029e-07
all_to_all, Celeste, 4, 0, 5.848779e-06, 1.094828e-06
all_to_all, Celeste, 4, 0, 7.639123e-06, 1.064747e-06
all_to_all, Celeste, 4, 0, 6.092043e-06, 6.269344e-07
all_to_all, Celeste, 4, 0, 6.538133e-06, 7.351746e-07
all_to_all, Celeste, 4, 0, 6.794540e-06, 1.109240e-06
all_to_all, Celeste, 4, 0, 7.143600e-06, 1.416502e-06
all_to_all, Celeste, 4, 0, 6.766301e-06, 1.029621e-06
all_to_all, Celeste, 4, 0, 5.947101e-06, 6.372794e-07
all_to_all, Celeste, 6, 0, 1.162225e-05, 9.939705e-07
all_to_all, Celeste, 6, 0, 1.199390e-05, 5.735465e-07
all_to_all, Celeste, 6, 0, 1.206137e-05, 6.341488e-07
all_to_all, Celeste, 6, 0, 1.204195e-05, 7.246963e-07
all_to_all, Celeste, 6, 0, 1.253513e-05, 7.225512e-07
all_to_all, Celeste, 6, 0, 1.190533e-05, 6.911155e-07
all_to_all, Celeste, 6, 0, 1.207262e-05, 7.069486e-07
all_to_all, Celeste, 6, 0, 1.209861e-05, 6.565295e-07
all_to_all, Celeste, 8, 1, 2.039126e-05, 9.544470e-07
all_to_all, Celeste, 8, 1, 2.233095e-05, 1.322097e-06
all_to_all, Celeste, 8, 1, 2.405101e-05, 1.462060e-06
all_to_all, Celeste, 8, 1, 2.327501e-05, 1.599695e-06
all_to_all, Celeste, 8, 1, 2.232999e-05, 1.110983e-06
all_to_all, Celeste, 8, 1, 2.274283e-05, 1.255173e-06
all_to_all, Celeste, 8, 1, 2.254751e-05, 1.058031e-06
all_to_all, Celeste, 8, 1, 2.249982e-05, 1.137665e-06
all_to_all, Celeste, 16, 1, 2.904700e-04, 2.917630e-04
all_to_all, Celeste, 16, 1, 9.825080e-05, 2.133486e-05
all_to_all, Celeste, 16, 1, 1.000473e-04, 3.089350e-05
all_to_all, Celeste, 16, 1, 9.820079e-05, 1.690208e-05
all_to_all, Celeste, 16, 1, 9.992450e-05, 1.665323e-05
all_to_all, Celeste, 16, 1, 1.009135e-04, 1.789616e-05
all_to_all, Celeste, 16, 1, 1.315575e-04, 1.302925e-04
all_to_all, Celeste, 16, 1, 1.007003e-04, 1.657890e-05
all_to_all, Celeste, 24, 1, 3.599919e-04, 4.927042e-04
all_to_all, Celeste, 24, 1, 2.145549e-04, 4.228139e-05
all_to_all, Celeste, 24, 1, 2.064539e-04, 2.096654e-05
all_to_all, Celeste, 24, 1, 2.067175e-04, 3.383603e-05
all_to_all, Celeste, 24, 1, 2.048458e-04, 2.394798e-05
all_to_all, Celeste, 24, 1, 2.079742e-04, 3.749517e-05
all_to_all, Celeste, 24, 1, 2.033515e-04, 2.802539e-05
all_to_all, Celeste, 24, 1, 2.740230e-04, 2.605508e-04
all_to_all, Celeste, 32, 1, 1.134758e-03, 4.294289e-04
all_to_all, Celeste, 32, 1, 1.109072e-03, 1.256262e-04
all_to_all, Celeste, 32, 1, 1.090092e-03, 6.942781e-05
all_to_all, Celeste, 32, 1, 1.171837e-03, 2.310201e-04
all_to_all, Celeste, 32, 1, 1.092568e-03, 7.698026e-05
all_to_all, Celeste, 32, 1, 1.089110e-03, 8.918465e-05
all_to_all, Celeste, 32, 1, 1.109814e-03, 1.124130e-04
all_to_all, Celeste, 32, 1, 1.107278e-03, 7.934085e-05
count_primes, Celeste, 1, 0, 1.503542e-04, 2.239384e-06
count_primes, Celeste, 1, 0, 1.498071e-04, 1.925971e-06
count_primes, Celeste, 1, 0, 1.503852e-04, 2.282433e-06
count_primes, Celeste, 1, 0, 1.498669e-04, 1.629124e-06
count_primes, Celeste, 1, 0, 1.497678e-04, 1.513947e-06
count_primes, Celeste, 1, 0, 1.500906e-04, 1.987170e-06
count_primes, Celeste, 1, 0, 1.496574e-04, 1.199117e-06
count_primes, Celeste, 1, 0, 1.497603e-04, 1.608770e-06
count_primes, Celeste, 2, 0, 1.662644e-04, 1.326220e-05
count_primes, Celeste, 2, 0, 1.653250e-04, 1.443442e-05
count_primes, Celeste, 2, 0, 1.676530e-04, 1.470527e-05
count_primes, Celeste, 2, 0, 1.667067e-04, 1.434456e-05
count_primes, Celeste, 2, 0, 1.682596e-04, 1.506839e-05
count_primes, Celeste, 2, 0, 1.659624e-04, 1.408726e-05
count_primes, Celeste, 2, 0, 1.654283e-04, 1.350154e-05
count_primes, Celeste, 2, 0, 1.657939e-04, 1.389298e-05
count_primes, Celeste, 4, 0, 1.984473e-04, 1.302705e-05
count_primes, Celeste, 4, 0, 1.960085e-04, 1.355614e-05
count_primes, Celeste, 4, 0, 1.984458e-04, 1.151648e-05
count_primes, Celeste, 4, 0, 2.013663e-04, 1.131016e-05
count_primes, Celeste, 4, 0, 1.982550e-04, 1.222151e-05
count_primes, Celeste, 4, 0, 1.981787e-04, 1.071575e-05
count_primes, Celeste, 4, 0, 1.982454e-04, 1.280680e-05
count_primes, Celeste, 4, 0, 1.990597e-04, 1.182426e-05
count_primes, Celeste, 6, 0, 2.155294e-04, 4.318951e-06
count_primes, Celeste, 6, 0, 2.162784e-04, 4.661186e-06
count_primes, Celeste, 6, 0, 2.176546e-04, 8.567544e-06
count_primes, Celeste, 6, 0, 2.160108e-04, 3.726803e-06
count_primes, Celeste, 6, 0, 2.157999e-04, 3.975580e-06
count_primes, Celeste, 6, 0, 2.157195e-04, 4.802737e-06
count_primes, Celeste, 6, 0, 2.163248e-04, 3.686813e-06
count_primes, Celeste, 6, 0, 2.165309e-04, 3.684446e-06
count_primes, Celeste, 8, 1, 2.267812e-04, 4.676952e-06
count_primes, Celeste, 8, 1, 2.245550e-04, 2.718229e-06
count_primes, Celeste, 8, 1, 2.244721e-04, 2.387367e-06
count_primes, Celeste, 8, 1, 2.244315e-04, 2.236740e-06
count_primes, Celeste, 8, 1, 2.245417e-04, 2.399736e-06
count_primes, Celeste, 8, 1, 2.244401e-04, 2.381812e-06
count_primes, Celeste, 8, 1, 2.245971e-04, 2.374517e-06
count_primes, Celeste, 8, 1, 2.244086e-04, 2.538908e-06
count_primes, Celeste, 16, 1, 7.415137e-04, 8.001474e-05
count_primes, Celeste, 16, 1, 7.445751e-04, 7.628907e-05
count_primes, Celeste, 16, 1, 7.551289e-04, 9.250865e-05
count_primes, Celeste, 16, 1, 7.542491e-04, 7.212640e-05
count_primes, Celeste, 16, 1, 7.526349e-04, 7.933832e-05
count_primes, Celeste, 16, 1, 7.552430e-04, 1.003671e-04
count_primes, Celeste, 16, 1, 7.441792e-04, 9.805865e-05
count_primes, Celeste, 16, 1, 7.449581e-04, 7.170135e-05
count_primes, Celeste, 24, 1, 4.525828e-04, 7.258732e-05
count_primes, Celeste, 24, 1, 4.828951e-04, 1.908193e-04
count_primes, Celeste, 24, 1, 4.451985e-04, 6.489127e-05
count_primes, Celeste, 24, 1, 4.523941e-04, 7.629557e-05
count_primes, Celeste, 24, 1, 4.551392e-04, 7.989161e-05
count_primes, Celeste, 24, 1, 4.638172e-04, 8.515395e-05
count_primes, Celeste, 24, 1, 4.422230e-04, 7.084398e-05
count_primes, Celeste, 24, 1, 4.389024e-04, 6.307223e-05
count_primes, Celeste, 32, 1, 1.243612e-03, 1.076292e-04
count_primes, Celeste, 32, 1, 1.246723e-03, 1.200539e-04
count_primes, Celeste, 32, 1, 1.258127e-03, 1.198368e-04
count_primes, Celeste, 32, 1, 1.251889e-03, 1.210329e-04
count_primes, Celeste, 32, 1, 1.256705e-03, 1.208801e-04
count_primes, Celeste, 32, 1, 1.243832e-03, 9.823624e-05
count_primes, Celeste, 32, 1, 1.306714e-03, 2.726141e-04
count_primes, Celeste, 32, 1, 1.255209e-03, 1.246468e-04
count_primes, Celeste, 64, 1, 2.354686e-03, 1.320119e-04
count_primes, Celeste, 64, 1, 2.356599e-03, 1.825116e-04
count_primes, Celeste, 64, 1, 2.356825e-03, 1.414023e-04
count_primes, Celeste, 64, 1, 2.351394e-03, 1.298833e-04
count_primes, Celeste, 64, 1, 2.373036e-03, 1.483031e-04
count_primes, Celeste, 64, 1, 2.369555e-03, 1.525777e-04
count_primes, Celeste, 64, 1, 2.368898e-03, 1.342329e-04
count_primes, Celeste, 64, 1, 2.355678e-03, 1.560359e-04
count_primes, Celeste, 128, 1, 6.716049e-03, 1.260676e-03
count_primes, Celeste, 128, 1, 6.611762e-03, 1.123441e-03
count_primes, Celeste, 128, 1, 7.067451e-03, 2.102196e-03
count_primes, Celeste, 128, 1, 7.055700e-03, 2.050029e-03
count_primes, Celeste, 128, 1, 6.929714e-03, 1.886014e-03
count_primes, Celeste, 128, 1, 6.683076e-03, 1.606831e-03
count_primes, Celeste, 128, 1, 6.267178e-03, 5.513246e-04
count_primes, Celeste, 128, 1, 6.582186e-03, 1.399315e-03
all_to_all, leda, 1, 0, 1.499990e-07, 8.974566e-09
all_to_all, leda, 1, 0, 1.230775e-07, 5.172133e-09
all_to_all, leda, 1, 0, 1.200462e-07, 8.455578e-10
all_to_all, leda, 1, 0, 1.201115e-07, 8.969018e-10
all_to_all, leda, 1, 0, 1.202262e-07, 8.717639e-10
all_to_all, leda, 1, 0, 1.201231e-07, 7.370908e-10
all_to_all, leda, 1, 0, 1.201352e-07, 7.300044e-10
all_to_all, leda, 1, 0, 1.200322e-07, 8.966053e-10
count_primes, leda, 1, 0, 1.595479e-04, 1.544425e-06
count_primes, leda, 1, 0, 1.591866e-04, 2.942629e-07
count_primes, leda, 1, 0, 1.592990e-04, 4.228990e-07
count_primes, leda, 1, 0, 1.592726e-04, 1.891441e-07
count_primes, leda, 1, 0, 1.593549e-04, 3.470478e-07
count_primes, leda, 1, 0, 1.592264e-04, 1.300630e-07
count_primes, leda, 1, 0, 1.595978e-04, 7.529715e-07
count_primes, leda, 1, 0, 1.592900e-04, 1.889411e-07
all_to_all, leda, 2, 0, 2.551704e-06, 6.658936e-07
all_to_all, leda, 2, 0, 2.428549e-06, 1.582271e-08
all_to_all, leda, 2, 0, 2.463808e-06, 9.527622e-09
all_to_all, leda, 2, 0, 2.467597e-06, 1.330165e-08
all_to_all, leda, 2, 0, 2.465427e-06, 2.259518e-08
all_to_all, leda, 2, 0, 2.506105e-06, 6.794466e-08
all_to_all, leda, 2, 0, 2.494124e-06, 2.099678e-08
all_to_all, leda, 2, 0, 2.512508e-06, 9.293992e-08
count_primes, leda, 2, 0, 1.608258e-04, 1.913456e-06
count_primes, leda, 2, 0, 1.605236e-04, 7.357217e-07
count_primes, leda, 2, 0, 1.605396e-04, 7.820543e-07
count_primes, leda, 2, 0, 1.605775e-04, 7.714883e-07
count_primes, leda, 2, 0, 1.606313e-04, 7.136032e-07
count_primes, leda, 2, 0, 1.606852e-04, 8.311897e-07
count_primes, leda, 2, 0, 1.607170e-04, 9.883046e-07
count_primes, leda, 2, 0, 1.608219e-04, 9.241942e-07
all_to_all, leda, 4, 0, 7.012475e-06, 7.825276e-07
all_to_all, leda, 4, 0, 6.976040e-06, 5.586982e-08
all_to_all, leda, 4, 0, 7.125989e-06, 1.336885e-07
all_to_all, leda, 4, 0, 7.374261e-06, 2.743998e-07
all_to_all, leda, 4, 0, 8.003083e-06, 2.900116e-08
all_to_all, leda, 4, 0, 7.453001e-06, 3.252472e-07
all_to_all, leda, 4, 0, 7.090741e-06, 1.136936e-07
all_to_all, leda, 4, 0, 7.034831e-06, 5.746281e-08
count_primes, leda, 4, 0, 1.751515e-04, 4.806927e-06
count_primes, leda, 4, 0, 1.768522e-04, 1.622111e-06
count_primes, leda, 4, 0, 1.793015e-04, 3.206212e-06
count_primes, leda, 4, 0, 1.786592e-04, 1.381613e-06
count_primes, leda, 4, 0, 1.791449e-04, 1.641496e-06
count_primes, leda, 4, 0, 1.791706e-04, 1.648555e-06
count_primes, leda, 4, 0, 1.791111e-04, 2.236116e-06
count_primes, leda, 4, 0, 1.790823e-04, 1.545964e-06
all_to_all, leda, 6, 0, 1.609732e-05, 1.205746e-06
all_to_all, leda, 6, 0, 1.500629e-05, 1.351725e-06
all_to_all, leda, 6, 0, 1.293660e-05, 1.942643e-07
all_to_all, leda, 6, 0, 1.298238e-05, 1.701982e-07
all_to_all, leda, 6, 0, 1.332273e-05, 2.211068e-07
all_to_all, leda, 6, 0, 1.329134e-05, 9.777695e-08
all_to_all, leda, 6, 0, 1.329085e-05, 1.597201e-07
all_to_all, leda, 6, 0, 1.332159e-05, 1.798203e-07
count_primes, leda, 6, 0, 2.018388e-04, 1.534003e-05
count_primes, leda, 6, 0, 1.878697e-04, 2.084938e-06
count_primes, leda, 6, 0, 1.926320e-04, 1.041964e-05
count_primes, leda, 6, 0, 1.897590e-04, 3.633957e-06
count_primes, leda, 6, 0, 1.962305e-04, 1.480980e-05
count_primes, leda, 6, 0, 1.901614e-04, 8.748853e-06
count_primes, leda, 6, 0, 1.889042e-04, 4.018412e-06
count_primes, leda, 6, 0, 1.880090e-04, 2.248920e-06
all_to_all, leda, 8, 0, 2.288795e-05, 4.329128e-06
all_to_all, leda, 8, 0, 2.064827e-05, 9.452839e-07
all_to_all, leda, 8, 0, 2.071807e-05, 5.836801e-07
all_to_all, leda, 8, 0, 2.228859e-05, 9.863991e-07
all_to_all, leda, 8, 0, 2.177524e-05, 7.227566e-07
all_to_all, leda, 8, 0, 2.183101e-05, 1.161121e-06
all_to_all, leda, 8, 0, 2.351961e-05, 4.937667e-07
all_to_all, leda, 8, 0, 2.270975e-05, 1.416583e-06
count_primes, leda, 8, 0, 2.241016e-04, 9.639848e-06
count_primes, leda, 8, 0, 2.182645e-04, 1.203962e-05
count_primes, leda, 8, 0, 2.273552e-04, 5.667735e-07
count_primes, leda, 8, 0, 2.158083e-04, 1.240348e-05
count_primes, leda, 8, 0, 2.283544e-04, 6.934704e-07
count_primes, leda, 8, 0, 2.284270e-04, 8.353263e-07
count_primes, leda, 8, 0, 2.128120e-04, 1.382277e-05
count_primes, leda, 8, 0, 2.155598e-04, 1.357245e-05
all_to_all, leda, 32, 1, 4.242548e-04, 3.881870e-05
all_to_all, leda, 32, 1, 4.299512e-04, 3.438780e-05
all_to_all, leda, 32, 1, 4.454422e-04, 4.177933e-05
all_to_all, leda, 32, 1, 4.450393e-04, 5.314711e-05
all_to_all, leda, 32, 1, 4.317535e-04, 4.264721e-05
all_to_all, leda, 32, 1, 4.301249e-04, 3.669890e-05
all_to_all, leda, 32, 1, 4.345858e-04, 3.993068e-05
all_to_all, leda, 32, 1, 4.449403e-04, 4.533648e-05
count_primes, leda, 32, 1, 1.254557e-03, 1.064753e-04
count_primes, leda, 32, 1, 1.259084e-03, 1.221663e-04
count_primes, leda, 32, 1, 1.261608e-03, 1.170965e-04
count_primes, leda, 32, 1, 1.265273e-03, 1.023671e-04
count_primes, leda, 32, 1, 1.239480e-03, 1.054725e-04
count_primes, leda, 32, 1, 1.270783e-03, 1.197962e-04
count_primes, leda, 32, 1, 1.258261e-03, 9.797932e-05
count_primes, leda, 32, 1, 1.259876e-03, 1.072841e-04
count_primes, leda, 64, 1, 2.199053e-03, 1.862939e-04
count_primes, leda, 64, 1, 2.254115e-03, 1.728250e-04
count_primes, leda, 64, 1, 2.214942e-03, 1.798700e-04
count_primes, leda, 64, 1, 2.235617e-03, 1.861965e-04
count_primes, leda, 64, 1, 2.199618e-03, 2.003049e-04
count_primes, leda, 64, 1, 2.202751e-03, 1.672430e-04
count_primes, leda, 64, 1, 2.245706e-03, 1.834268e-04
count_primes, leda, 64, 1, 2.196629e-03, 1.970243e-04
count_primes, leda, 128, 1, 5.060489e-03, 5.007344e-04
count_primes, leda, 128, 1, 4.849017e-03, 2.573354e-04
count_primes, leda, 128, 1, 4.918928e-03, 3.468298e-04
count_primes, leda, 128, 1, 4.911244e-03, 3.451231e-04
count_primes, leda, 128, 1, 4.913777e-03, 2.699601e-04
count_primes, leda, 128, 1, 4.841420e-03, 2.520313e-04
count_primes, leda, 128, 1, 4.810342e-03, 2.619249e-04
count_primes, leda, 128, 1, 4.865792e-03, 2.619974e-04
all_to_all, leda, 16, 1, 1.095475e-04, 1.545682e-05
all_to_all, leda, 16, 1, 1.040696e-04, 2.042079e-05
all_to_all, leda, 16, 1, 1.085145e-04, 2.157958e-05
all_to_all, leda, 16, 1, 1.067781e-04, 2.396587e-05
all_to_all, leda, 16, 1, 1.108752e-04, 2.019252e-05
all_to_all, leda, 16, 1, 1.169134e-04, 1.696691e-05
all_to_all, leda, 16, 1, 1.225878e-04, 1.078350e-05
all_to_all, leda, 16, 1, 1.187705e-04, 1.467232e-05
count_primes, leda, 16, 1, 6.777581e-04, 1.578418e-04
count_primes, leda, 16, 1, 7.201316e-04, 9.741100e-05
count_primes, leda, 16, 1, 7.040344e-04, 1.427646e-04
count_primes, leda, 16, 1, 6.715141e-04, 1.468724e-04
count_primes, leda, 16, 1, 6.652528e-04, 1.633144e-04
count_primes, leda, 16, 1, 6.545780e-04, 1.541079e-04
count_primes, leda, 16, 1, 6.781779e-04, 1.549645e-04
count_primes, leda, 16, 1, 6.214456e-04, 1.907282e-04
all_to_all, mack, 1, 0, 5.671782e-07, 3.096755e-08
all_to_all, mack, 1, 0, 5.712300e-07, 3.770986e-08
all_to_all, mack, 1, 0, 5.523834e-07, 2.357577e-08
all_to_all, mack, 1, 0, 5.654274e-07, 2.775089e-08
all_to_all, mack, 1, 0, 5.694867e-07, 2.369393e-08
all_to_all, mack, 1, 0, 5.856711e-07, 3.836698e-08
all_to_all, mack, 1, 0, 5.612437e-07, 2.690028e-08
all_to_all, mack, 1, 0, 5.673873e-07, 2.878843e-08
count_primes, mack, 1, 0, 1.818080e-04, 3.717474e-06
count_primes, mack, 1, 0, 1.831617e-04, 6.722704e-06
count_primes, mack, 1, 0, 1.815979e-04, 2.747383e-06
count_primes, mack, 1, 0, 1.850069e-04, 4.843472e-06
count_primes, mack, 1, 0, 1.820419e-04, 2.992958e-06
count_primes, mack, 1, 0, 1.835945e-04, 5.002345e-06
count_primes, mack, 1, 0, 1.815850e-04, 3.195125e-06
count_primes, mack, 1, 0, 1.810377e-04, 2.808462e-06
all_to_all, mack, 2, 0, 3.956865e-06, 2.233160e-07
all_to_all, mack, 2, 0, 3.903849e-06, 1.621797e-07
all_to_all, mack, 2, 0, 3.868898e-06, 1.109977e-07
all_to_all, mack, 2, 0, 4.023160e-06, 1.117928e-06
all_to_all, mack, 2, 0, 4.996587e-06, 7.584540e-07
all_to_all, mack, 2, 0, 5.506878e-06, 2.689654e-07
all_to_all, mack, 2, 0, 5.470228e-06, 2.244647e-07
all_to_all, mack, 2, 0, 5.641995e-06, 7.008271e-07
count_primes, mack, 2, 0, 1.929519e-04, 1.549288e-05
count_primes, mack, 2, 0, 1.935708e-04, 8.531621e-06
count_primes, mack, 2, 0, 1.911879e-04, 6.029019e-06
count_primes, mack, 2, 0, 1.912022e-04, 7.673362e-06
count_primes, mack, 2, 0, 1.878130e-04, 3.705692e-06
count_primes, mack, 2, 0, 1.879855e-04, 4.978364e-06
count_primes, mack, 2, 0, 1.918056e-04, 1.324510e-05
count_primes, mack, 2, 0, 1.900907e-04, 5.692313e-06
all_to_all, mack, 4, 0, 1.212813e-05, 4.730022e-06
all_to_all, mack, 4, 0, 1.010257e-05, 4.512265e-06
all_to_all, mack, 4, 0, 1.311663e-05, 5.356893e-06
all_to_all, mack, 4, 0, 1.183870e-05, 4.693333e-06
all_to_all, mack, 4, 0, 1.004771e-05, 4.849552e-06
all_to_all, mack, 4, 0, 1.165540e-05, 3.613446e-06
all_to_all, mack, 4, 0, 1.027344e-05, 2.895280e-06
all_to_all, mack, 4, 0, 1.309489e-05, 5.031783e-06
count_primes, mack, 4, 0, 2.287191e-04, 5.781248e-05
count_primes, mack, 4, 0, 2.239108e-04, 5.346970e-05
count_primes, mack, 4, 0, 2.269539e-04, 5.724450e-05
count_primes, mack, 4, 0, 2.312223e-04, 4.948392e-05
count_primes, mack, 4, 0, 2.374882e-04, 5.982186e-05
count_primes, mack, 4, 0, 2.420514e-04, 9.174197e-05
count_primes, mack, 4, 0, 2.266328e-04, 6.254539e-05
count_primes, mack, 4, 0, 2.268527e-04, 3.117998e-05
all_to_all, mack, 6, 1, 5.200608e-05, 1.436713e-05
all_to_all, mack, 6, 1, 5.135078e-05, 1.919811e-05
all_to_all, mack, 6, 1, 4.482469e-05, 9.168031e-06
all_to_all, mack, 6, 1, 4.453349e-05, 8.546213e-06
all_to_all, mack, 6, 1, 5.422739e-05, 1.696732e-05
all_to_all, mack, 6, 1, 5.154163e-05, 1.136774e-05
all_to_all, mack, 6, 1, 4.688895e-05, 1.078974e-05
all_to_all, mack, 6, 1, 4.753031e-05, 7.591855e-06
count_primes, mack, 6, 1, 4.394088e-04, 5.078722e-05
count_primes, mack, 6, 1, 4.298586e-04, 3.695147e-05
count_primes, mack, 6, 1, 4.369465e-04, 3.560335e-05
count_primes, mack, 6, 1, 4.246350e-04, 3.496095e-05
count_primes, mack, 6, 1, 4.273749e-04, 3.791901e-05
count_primes, mack, 6, 1, 4.430220e-04, 6.134531e-05
count_primes, mack, 6, 1, 4.273761e-04, 5.172597e-05
count_primes, mack, 6, 1, 4.353125e-04, 5.056069e-05
all_to_all, mack, 8, 1, 9.196890e-05, 1.976768e-05
all_to_all, mack, 8, 1, 8.493177e-05, 1.774983e-05
all_to_all, mack, 8, 1, 8.637348e-05, 3.081812e-05
all_to_all, mack, 8, 1, 8.963337e-05, 1.622143e-05
all_to_all, mack, 8, 1, 9.090593e-05, 2.102318e-05
all_to_all, mack, 8, 1, 8.533962e-05, 1.977872e-05
all_to_all, mack, 8, 1, 8.904690e-05, 2.980514e-05
all_to_all, mack, 8, 1, 9.208031e-05, 1.961942e-05
count_primes, mack, 8, 1, 6.053992e-04, 8.454689e-05
count_primes, mack, 8, 1, 6.056258e-04, 6.713178e-05
count_primes, mack, 8, 1, 6.095000e-04, 9.131568e-05
count_primes, mack, 8, 1, 6.280348e-04, 7.673525e-05
count_primes, mack, 8, 1, 6.369176e-04, 7.403482e-05
count_primes, mack, 8, 1, 6.147741e-04, 8.489976e-05
count_primes, mack, 8, 1, 6.106201e-04, 7.652774e-05
count_primes, mack, 8, 1, 6.201121e-04, 6.980519e-05
all_to_all, mack, 16, 1, 3.244917e-04, 5.709689e-05
all_to_all, mack, 16, 1, 3.185566e-04, 4.137611e-05
all_to_all, mack, 16, 1, 3.262062e-04, 4.347591e-05
all_to_all, mack, 16, 1, 3.225758e-04, 4.086719e-05
all_to_all, mack, 16, 1, 3.278697e-04, 4.095466e-05
all_to_all, mack, 16, 1, 3.325395e-04, 3.903720e-05
all_to_all, mack, 16, 1, 3.244993e-04, 4.768905e-05
all_to_all, mack, 16, 1, 3.243980e-04, 4.021411e-05
count_primes, mack, 16, 1, 1.184973e-03, 9.670224e-05
count_primes, mack, 16, 1, 1.187368e-03, 1.094579e-04
count_primes, mack, 16, 1, 1.193603e-03, 9.626685e-05
count_primes, mack, 16, 1, 1.192670e-03, 9.490747e-05
count_primes, mack, 16, 1, 1.205792e-03, 1.135137e-04
count_primes, mack, 16, 1, 1.194156e-03, 1.087330e-04
count_primes, mack, 16, 1, 1.186617e-03, 1.086568e-04
count_primes, mack, 16, 1, 1.184083e-03, 1.059564e-04
all_to_all, mack, 32, 1, 1.216262e-03, 1.017360e-04
all_to_all, mack, 32, 1, 1.210759e-03, 8.925011e-05
all_to_all, mack, 32, 1, 1.216801e-03, 9.168526e-05
all_to_all, mack, 32, 1, 1.206498e-03, 7.576556e-05
all_to_all, mack, 32, 1, 1.212168e-03, 8.911317e-05
all_to_all, mack, 32, 1, 1.216159e-03, 8.515812e-05
all_to_all, mack, 32, 1, 1.228737e-03, 9.432383e-05
all_to_all, mack, 32, 1, 1.210309e-03, 8.745899e-05
count_primes, mack, 32, 1, 2.525096e-03, 1.586512e-04
count_primes, mack, 32, 1, 2.548136e-03, 1.636072e-04
count_primes, mack, 32, 1, 2.560826e-03, 1.808515e-04
count_primes, mack, 32, 1, 2.558314e-03, 1.597093e-04
count_primes, mack, 32, 1, 2.543110e-03, 1.752959e-04
count_primes, mack, 32, 1, 2.552092e-03, 1.741910e-04
count_primes, mack, 32, 1, 2.561339e-03, 1.691536e-04
count_primes, mack, 32, 1, 2.583269e-03, 1.778627e-04
count_primes, mack, 64, 1, 5.042265e-03, 3.198676e-04
count_primes, mack, 64, 1, 5.068864e-03, 2.650596e-04
count_primes, mack, 64, 1, 5.025403e-03, 3.072185e-04
count_primes, mack, 64, 1, 5.073157e-03, 3.141180e-04
count_primes, mack, 64, 1, 5.040857e-03, 3.116299e-04
count_primes, mack, 64, 1, 5.035094e-03, 2.673025e-04
count_primes, mack, 64, 1, 5.029409e-03, 3.064888e-04
count_primes, mack, 64, 1, 5.039218e-03, 3.120954e-04
count_primes, mack, 128, 1, 1.130700e-02, 6.168439e-04
count_primes, mack, 128, 1, 1.142107e-02, 1.243918e-03
count_primes, mack, 128, 1, 1.118032e-02, 4.421892e-04
count_primes, mack, 128, 1, 1.129131e-02, 7.007289e-04
count_primes, mack, 128, 1, 1.126176e-02, 4.121414e-04
count_primes, mack, 128, 1, 1.125626e-02, 4.246548e-04
count_primes, mack, 128, 1, 1.124168e-02, 4.186716e-04
count_primes, mack, 128, 1, 1.121369e-02, 5.103011e-04
all_to_all, ocotillo, 1, 0, 4.716897e-07, 1.296482e-07
all_to_all, ocotillo, 1, 0, 4.161501e-07, 1.897493e-08
all_to_all, ocotillo, 1, 0, 4.148245e-07, 1.373690e-08
all_to_all, ocotillo, 1, 0, 4.170871e-07, 1.957981e-08
all_to_all, ocotillo, 1, 0, 4.166818e-07, 1.878777e-08
all_to_all, ocotillo, 1, 0, 4.150414e-07, 1.607319e-08
all_to_all, ocotillo, 1, 0, 4.152012e-07, 1.532453e-08
all_to_all, ocotillo, 1, 0, 4.303384e-07, 4.943310e-08
count_primes, ocotillo, 1, 0, 2.124493e-04, 4.096512e-06
count_primes, ocotillo, 1, 0, 2.177540e-04, 1.047668e-05
count_primes, ocotillo, 1, 0, 2.204646e-04, 1.151464e-05
count_primes, ocotillo, 1, 0, 2.173185e-04, 8.632536e-06
count_primes, ocotillo, 1, 0, 2.134764e-04, 5.635612e-06
count_primes, ocotillo, 1, 0, 2.121077e-04, 1.311339e-06
count_primes, ocotillo, 1, 0, 2.220336e-04, 1.130509e-05
count_primes, ocotillo, 1, 0, 2.118682e-04, 1.352190e-06
all_to_all, ocotillo, 2, 0, 1.739786e-06, 4.734952e-07
all_to_all, ocotillo, 2, 0, 1.643748e-06, 1.048870e-07
all_to_all, ocotillo, 2, 0, 1.644828e-06, 1.625847e-07
all_to_all, ocotillo, 2, 0, 1.625524e-06, 4.574982e-08
all_to_all, ocotillo, 2, 0, 1.830988e-06, 5.433750e-07
all_to_all, ocotillo, 2, 0, 1.634865e-06, 7.418315e-08
all_to_all, ocotillo, 2, 0, 1.641467e-06, 8.519878e-08
all_to_all, ocotillo, 2, 0, 1.628220e-06, 5.893798e-08
count_primes, ocotillo, 2, 0, 2.204902e-04, 3.847782e-06
count_primes, ocotillo, 2, 0, 2.215113e-04, 5.267016e-06
count_primes, ocotillo, 2, 0, 2.229264e-04, 1.193729e-05
count_primes, ocotillo, 2, 0, 2.317141e-04, 2.347312e-05
count_primes, ocotillo, 2, 0, 2.410151e-04, 2.637101e-05
count_primes, ocotillo, 2, 0, 2.332695e-04, 1.988382e-05
count_primes, ocotillo, 2, 0, 2.479689e-04, 4.228171e-05
count_primes, ocotillo, 2, 0, 2.486202e-04, 4.523025e-05
all_to_all, ocotillo, 4, 0, 5.624876e-06, 2.487921e-06
all_to_all, ocotillo, 4, 0, 5.896690e-06, 2.716049e-06
all_to_all, ocotillo, 4, 0, 5.706136e-06, 2.561184e-06
all_to_all, ocotillo, 4, 0, 5.546679e-06, 2.654674e-06
all_to_all, ocotillo, 4, 0, 5.450335e-06, 2.488821e-06
all_to_all, ocotillo, 4, 0, 6.053483e-06, 4.543206e-06
all_to_all, ocotillo, 4, 0, 5.979269e-06, 4.298273e-06
all_to_all, ocotillo, 4, 0, 6.942213e-06, 5.754692e-06
count_primes, ocotillo, 4, 0, 4.357718e-04, 5.339055e-05
count_primes, ocotillo, 4, 0, 4.123247e-04, 3.482663e-05
count_primes, ocotillo, 4, 0, 3.932264e-04, 4.393374e-05
count_primes, ocotillo, 4, 0, 3.881638e-04, 2.687404e-05
count_primes, ocotillo, 4, 0, 3.756909e-04, 2.459570e-05
count_primes, ocotillo, 4, 0, 3.775098e-04, 1.930273e-05
count_primes, ocotillo, 4, 0, 3.843516e-04, 5.058791e-05
count_primes, ocotillo, 4, 0, 3.883251e-04, 3.654323e-05
all_to_all, sahu, 1, 0, 1.755393e-07, 9.678309e-08
all_to_all, sahu, 1, 0, 1.105396e-07, 1.071056e-09
all_to_all, sahu, 1, 0, 1.092644e-07, 1.192038e-09
all_to_all, sahu, 1, 0, 1.080865e-07, 7.879596e-10
all_to_all, sahu, 1, 0, 1.078647e-07, 8.164517e-10
all_to_all, sahu, 1, 0, 1.087157e-07, 1.437887e-09
all_to_all, sahu, 1, 0, 1.085721e-07, 9.836642e-10
all_to_all, sahu, 1, 0, 1.092334e-07, 1.349055e-09
count_primes, sahu, 1, 0, 1.172040e-04, 3.122986e-06
count_primes, sahu, 1, 0, 1.164626e-04, 3.832686e-06
count_primes, sahu, 1, 0, 1.172166e-04, 4.546034e-06
count_primes, sahu, 1, 0, 1.160339e-04, 2.935748e-06
count_primes, sahu, 1, 0, 1.165544e-04, 3.462889e-06
count_primes, sahu, 1, 0, 1.174810e-04, 5.508690e-06
count_primes, sahu, 1, 0, 1.167750e-04, 3.130688e-06
count_primes, sahu, 1, 0, 1.167592e-04, 3.318524e-06
all_to_all, sahu, 2, 0, 3.666344e-06, 5.565388e-07
all_to_all, sahu, 2, 0, 3.526355e-06, 1.977666e-07
all_to_all, sahu, 2, 0, 3.596906e-06, 9.172395e-08
all_to_all, sahu, 2, 0, 3.615917e-06, 1.955104e-08
all_to_all, sahu, 2, 0, 3.577006e-06, 2.585320e-08
all_to_all, sahu, 2, 0, 3.566094e-06, 2.660167e-08
all_to_all, sahu, 2, 0, 3.585119e-06, 1.971937e-08
all_to_all, sahu, 2, 0, 3.595196e-06, 3.087856e-08
count_primes, sahu, 2, 0, 1.177542e-04, 3.728026e-06
count_primes, sahu, 2, 0, 1.180200e-04, 5.027891e-06
count_primes, sahu, 2, 0, 1.177574e-04, 3.627671e-06
count_primes, sahu, 2, 0, 1.177906e-04, 3.213024e-06
count_primes, sahu, 2, 0, 1.176706e-04, 5.133063e-06
count_primes, sahu, 2, 0, 1.172773e-04, 3.160998e-06
count_primes, sahu, 2, 0, 1.176415e-04, 4.904351e-06
count_primes, sahu, 2, 0, 1.168809e-04, 3.393822e-06
all_to_all, sahu, 4, 0, 1.973764e-05, 4.965758e-06
all_to_all, sahu, 4, 0, 1.645332e-05, 2.837072e-07
all_to_all, sahu, 4, 0, 1.641257e-05, 1.027990e-07
all_to_all, sahu, 4, 0, 1.644772e-05, 9.215019e-08
all_to_all, sahu, 4, 0, 1.647715e-05, 9.831705e-08
all_to_all, sahu, 4, 0, 1.646866e-05, 9.061960e-08
all_to_all, sahu, 4, 0, 1.641560e-05, 1.017613e-07
all_to_all, sahu, 4, 0, 1.638841e-05, 9.100188e-08
count_primes, sahu, 4, 0, 1.178890e-04, 3.699595e-06
count_primes, sahu, 4, 0, 1.181114e-04, 5.102139e-06
count_primes, sahu, 4, 0, 1.189395e-04, 3.937866e-06
count_primes, sahu, 4, 0, 1.187142e-04, 4.471507e-06
count_primes, sahu, 4, 0, 1.181299e-04, 3.504484e-06
count_primes, sahu, 4, 0, 1.181739e-04, 4.038083e-06
count_primes, sahu, 4, 0, 1.183647e-04, 5.793113e-06
count_primes, sahu, 4, 0, 1.182770e-04, 4.606765e-06
all_to_all, sahu, 6, 0, 2.355448e-05, 2.213020e-06
all_to_all, sahu, 6, 0, 2.383065e-05, 1.419886e-07
all_to_all, sahu, 6, 0, 2.386551e-05, 1.436642e-07
all_to_all, sahu, 6, 0, 2.393168e-05, 2.670000e-07
all_to_all, sahu, 6, 0, 2.416968e-05, 7.218375e-07
all_to_all, sahu, 6, 0, 2.403963e-05, 2.437340e-07
all_to_all, sahu, 6, 0, 2.435131e-05, 1.032917e-06
all_to_all, sahu, 6, 0, 2.402657e-05, 2.858502e-07
count_primes, sahu, 6, 0, 1.214696e-04, 8.927915e-06
count_primes, sahu, 6, 0, 1.189214e-04, 4.900228e-06
count_primes, sahu, 6, 0, 1.192506e-04, 6.608139e-06
count_primes, sahu, 6, 0, 1.187784e-04, 3.916100e-06
count_primes, sahu, 6, 0, 1.184998e-04, 3.548365e-06
count_primes, sahu, 6, 0, 1.190200e-04, 5.335269e-06
count_primes, sahu, 6, 0, 1.184757e-04, 3.158655e-06
count_primes, sahu, 6, 0, 1.189981e-04, 5.845500e-06
all_to_all, sahu, 8, 0, 3.437166e-05, 2.442999e-06
all_to_all, sahu, 8, 0, 3.479283e-05, 3.571667e-07
all_to_all, sahu, 8, 0, 3.465277e-05, 1.296606e-07
all_to_all, sahu, 8, 0, 3.473507e-05, 3.575457e-07
all_to_all, sahu, 8, 0, 3.471317e-05, 1.064192e-07
all_to_all, sahu, 8, 0, 3.478049e-05, 3.198394e-07
all_to_all, sahu, 8, 0, 3.467894e-05, 1.409930e-07
all_to_all, sahu, 8, 0, 3.473816e-05, 3.322667e-07
count_primes, sahu, 8, 0, 1.193447e-04, 4.131719e-06
count_primes, sahu, 8, 0, 1.185556e-04, 4.420653e-06
count_primes, sahu, 8, 0, 1.187949e-04, 4.989005e-06
count_primes, sahu, 8, 0, 1.187544e-04, 4.175878e-06
count_primes, sahu, 8, 0, 1.189228e-04, 6.411820e-06
count_primes, sahu, 8, 0, 1.184955e-04, 4.759842e-06
count_primes, sahu, 8, 0, 1.181785e-04, 3.573237e-06
count_primes, sahu, 8, 0, 1.207745e-04, 6.880307e-06
all_to_all, sahu, 16, 0, 7.502909e-05, 3.550742e-06
all_to_all, sahu, 16, 0, 7.712763e-05, 5.152480e-07
all_to_all, sahu, 16, 0, 7.717082e-05, 6.929006e-07
all_to_all, sahu, 16, 0, 7.613687e-05, 6.617288e-07
all_to_all, sahu, 16, 0, 7.621108e-05, 9.579748e-07
all_to_all, sahu, 16, 0, 7.718502e-05, 4.933800e-07
all_to_all, sahu, 16, 0, 7.558370e-05, 8.615636e-07
all_to_all, sahu, 16, 0, 7.639754e-05, 1.408056e-06
count_primes, sahu, 16, 0, 1.206377e-04, 4.184289e-06
count_primes, sahu, 16, 0, 1.193707e-04, 3.728456e-06
count_primes, sahu, 16, 0, 1.199990e-04, 6.088308e-06
count_primes, sahu, 16, 0, 1.197501e-04, 4.100262e-06
count_primes, sahu, 16, 0, 1.207745e-04, 7.032922e-06
count_primes, sahu, 16, 0, 1.199423e-04, 4.753769e-06
count_primes, sahu, 16, 0, 1.202260e-04, 5.859630e-06
count_primes, sahu, 16, 0, 1.203572e-04, 5.996396e-06
count_primes, sahu, 32, 0, 1.300718e-04, 1.187634e-05
count_primes, sahu, 32, 0, 1.287200e-04, 8.358199e-06
count_primes, sahu, 32, 0, 1.267283e-04, 8.828566e-06
count_primes, sahu, 32, 0, 1.250275e-04, 4.825579e-06
count_primes, sahu, 32, 0, 1.264948e-04, 7.866251e-06
count_primes, sahu, 32, 0, 1.254252e-04, 5.404980e-06
count_primes, sahu, 32, 0, 1.258746e-04, 5.903433e-06
count_primes, sahu, 32, 0, 1.263710e-04, 7.548363e-06
count_primes, sahu, 64, 0, 1.541876e-04, 1.941080e-05
count_primes, sahu, 64, 0, 1.495694e-04, 9.554423e-06
count_primes, sahu, 64, 0, 1.533619e-04, 1.582892e-05
count_primes, sahu, 64, 0, 1.527085e-04, 1.349756e-05
count_primes, sahu, 64, 0, 1.535124e-04, 1.495073e-05
count_primes, sahu, 64, 0, 1.504629e-04, 9.351902e-06
count_primes, sahu, 64, 0, 1.524388e-04, 1.499394e-05
count_primes, sahu, 64, 0, 1.548487e-04, 1.681085e-05
all_to_all, wheeler282.alliance.unm.edu, 1, 0, 2.401918e-07, 1.719563e-08
all_to_all, wheeler282.alliance.unm.edu, 1, 0, 2.103282e-07, 8.877257e-09
all_to_all, wheeler282.alliance.unm.edu, 1, 0, 1.927559e-07, 5.243941e-09
all_to_all, wheeler282.alliance.unm.edu, 1, 0, 1.796831e-07, 4.609884e-09
all_to_all, wheeler282.alliance.unm.edu, 1, 0, 1.703051e-07, 7.349339e-09
all_to_all, wheeler282.alliance.unm.edu, 1, 0, 1.550576e-07, 1.212344e-08
all_to_all, wheeler282.alliance.unm.edu, 1, 0, 1.428163e-07, 9.892551e-10
all_to_all, wheeler282.alliance.unm.edu, 1, 0, 1.428049e-07, 1.465937e-09
count_primes, wheeler282.alliance.unm.edu, 1, 0, 2.226880e-04, 8.379851e-07
count_primes, wheeler282.alliance.unm.edu, 1, 0, 2.226595e-04, 4.439894e-07
count_primes, wheeler282.alliance.unm.edu, 1, 0, 2.226316e-04, 4.427100e-07
count_primes, wheeler282.alliance.unm.edu, 1, 0, 2.226079e-04, 4.592148e-07
count_primes, wheeler282.alliance.unm.edu, 1, 0, 2.227284e-04, 6.156127e-07
count_primes, wheeler282.alliance.unm.edu, 1, 0, 2.226923e-04, 5.073200e-07
count_primes, wheeler282.alliance.unm.edu, 1, 0, 2.226821e-04, 4.811550e-07
count_primes, wheeler282.alliance.unm.edu, 1, 0, 2.226783e-04, 4.639373e-07
all_to_all, wheeler282.alliance.unm.edu, 2, 0, 2.328473e-06, 7.142435e-08
all_to_all, wheeler282.alliance.unm.edu, 2, 0, 2.338974e-06, 6.291970e-08
all_to_all, wheeler282.alliance.unm.edu, 2, 0, 2.386458e-06, 1.047218e-07
all_to_all, wheeler282.alliance.unm.edu, 2, 0, 2.371504e-06, 1.110916e-07
all_to_all, wheeler282.alliance.unm.edu, 2, 0, 2.396966e-06, 1.022599e-07
all_to_all, wheeler282.alliance.unm.edu, 2, 0, 2.386993e-06, 9.719380e-08
all_to_all, wheeler282.alliance.unm.edu, 2, 0, 2.381828e-06, 9.635364e-08
all_to_all, wheeler282.alliance.unm.edu, 2, 0, 2.357040e-06, 7.268816e-08
count_primes, wheeler282.alliance.unm.edu, 2, 0, 2.365300e-04, 2.007699e-06
count_primes, wheeler282.alliance.unm.edu, 2, 0, 2.362041e-04, 2.246152e-06
count_primes, wheeler282.alliance.unm.edu, 2, 0, 2.362743e-04, 2.919679e-06
count_primes, wheeler282.alliance.unm.edu, 2, 0, 2.348381e-04, 2.470069e-06
count_primes, wheeler282.alliance.unm.edu, 2, 0, 2.378883e-04, 2.489049e-06
count_primes, wheeler282.alliance.unm.edu, 2, 0, 2.369002e-04, 3.561347e-06
count_primes, wheeler282.alliance.unm.edu, 2, 0, 2.368157e-04, 2.399211e-06
count_primes, wheeler282.alliance.unm.edu, 2, 0, 2.369504e-04, 3.325583e-06
all_to_all, wheeler282.alliance.unm.edu, 4, 0, 1.133127e-05, 3.676189e-07
all_to_all, wheeler282.alliance.unm.edu, 4, 0, 1.121237e-05, 9.766622e-08
all_to_all, wheeler282.alliance.unm.edu, 4, 0, 1.128644e-05, 1.122521e-07
all_to_all, wheeler282.alliance.unm.edu, 4, 0, 1.122603e-05, 1.338630e-07
all_to_all, wheeler282.alliance.unm.edu, 4, 0, 1.122199e-05, 1.094480e-07
all_to_all, wheeler282.alliance.unm.edu, 4, 0, 1.120267e-05, 8.195185e-08
all_to_all, wheeler282.alliance.unm.edu, 4, 0, 1.117731e-05, 1.361908e-07
all_to_all, wheeler282.alliance.unm.edu, 4, 0, 1.119431e-05, 7.785366e-08
count_primes, wheeler282.alliance.unm.edu, 4, 0, 2.329617e-04, 3.716791e-06
count_primes, wheeler282.alliance.unm.edu, 4, 0, 2.323507e-04, 1.605740e-06
count_primes, wheeler282.alliance.unm.edu, 4, 0, 2.320884e-04, 1.854626e-06
count_primes, wheeler282.alliance.unm.edu, 4, 0, 2.330053e-04, 1.518996e-06
count_primes, wheeler282.alliance.unm.edu, 4, 0, 2.334451e-04, 1.450423e-06
count_primes, wheeler282.alliance.unm.edu, 4, 0, 2.321901e-04, 1.473877e-06
count_primes, wheeler282.alliance.unm.edu, 4, 0, 2.330009e-04, 1.488108e-06
count_primes, wheeler282.alliance.unm.edu, 4, 0, 2.318517e-04, 1.605087e-06
all_to_all, wheeler282.alliance.unm.edu, 8, 0, 2.809044e-05, 2.167917e-07
all_to_all, wheeler282.alliance.unm.edu, 8, 0, 2.805582e-05, 8.331556e-08
all_to_all, wheeler282.alliance.unm.edu, 8, 0, 2.807857e-05, 1.094685e-07
all_to_all, wheeler282.alliance.unm.edu, 8, 0, 2.809204e-05, 1.228301e-07
all_to_all, wheeler282.alliance.unm.edu, 8, 0, 2.805541e-05, 1.069364e-07
all_to_all, wheeler282.alliance.unm.edu, 8, 0, 2.806165e-05, 4.577474e-08
all_to_all, wheeler282.alliance.unm.edu, 8, 0, 2.809509e-05, 1.164156e-07
all_to_all, wheeler282.alliance.unm.edu, 8, 0, 2.809551e-05, 1.275550e-07
count_primes, wheeler282.alliance.unm.edu, 8, 0, 2.359773e-04, 1.906498e-06
count_primes, wheeler282.alliance.unm.edu, 8, 0, 2.356410e-04, 3.506648e-07
count_primes, wheeler282.alliance.unm.edu, 8, 0, 2.355977e-04, 3.559405e-07
count_primes, wheeler282.alliance.unm.edu, 8, 0, 2.356048e-04, 3.338467e-07
count_primes, wheeler282.alliance.unm.edu, 8, 0, 2.356144e-04, 3.244509e-07
count_primes, wheeler282.alliance.unm.edu, 8, 0, 2.356752e-04, 3.209910e-07
count_primes, wheeler282.alliance.unm.edu, 8, 0, 2.356433e-04, 3.255087e-07
count_primes, wheeler282.alliance.unm.edu, 8, 0, 2.356128e-04, 3.521247e-07
all_to_all, wheeler282.alliance.unm.edu, 32, 1, 7.164312e-04, 2.392720e-05
all_to_all, wheeler282.alliance.unm.edu, 32, 1, 7.113614e-04, 1.379291e-05
all_to_all, wheeler282.alliance.unm.edu, 32, 1, 7.128282e-04, 1.605938e-05
all_to_all, wheeler282.alliance.unm.edu, 32, 1, 7.128394e-04, 1.558679e-05
all_to_all, wheeler282.alliance.unm.edu, 32, 1, 7.132306e-04, 2.086626e-05
all_to_all, wheeler282.alliance.unm.edu, 32, 1, 7.140719e-04, 1.572074e-05
all_to_all, wheeler282.alliance.unm.edu, 32, 1, 7.112561e-04, 1.556805e-05
all_to_all, wheeler282.alliance.unm.edu, 32, 1, 7.120689e-04, 1.558908e-05
count_primes, wheeler282.alliance.unm.edu, 32, 1, 1.415914e-03, 5.727525e-05
count_primes, wheeler282.alliance.unm.edu, 32, 1, 1.409134e-03, 4.720749e-05
count_primes, wheeler282.alliance.unm.edu, 32, 1, 1.417120e-03, 4.438031e-05
count_primes, wheeler282.alliance.unm.edu, 32, 1, 1.423057e-03, 5.393073e-05
count_primes, wheeler282.alliance.unm.edu, 32, 1, 1.430033e-03, 6.299652e-05
count_primes, wheeler282.alliance.unm.edu, 32, 1, 1.429353e-03, 5.450844e-05
count_primes, wheeler282.alliance.unm.edu, 32, 1, 1.402854e-03, 4.351025e-05
count_primes, wheeler282.alliance.unm.edu, 32, 1, 1.427578e-03, 5.841662e-05
count_primes, wheeler282.alliance.unm.edu, 64, 1, 2.567872e-03, 2.140572e-05
count_primes, wheeler282.alliance.unm.edu, 64, 1, 2.602899e-03, 3.189889e-05
count_primes, wheeler282.alliance.unm.edu, 64, 1, 2.652431e-03, 2.411098e-05
count_primes, wheeler282.alliance.unm.edu, 64, 1, 2.658480e-03, 1.720064e-05
count_primes, wheeler282.alliance.unm.edu, 64, 1, 2.654519e-03, 1.830740e-05
count_primes, wheeler282.alliance.unm.edu, 64, 1, 2.656361e-03, 1.764042e-05
count_primes, wheeler282.alliance.unm.edu, 64, 1, 2.657102e-03, 1.996371e-05
count_primes, wheeler282.alliance.unm.edu, 64, 1, 2.655794e-03, 2.013250e-05
count_primes, wheeler282.alliance.unm.edu, 128, 1, 4.893620e-03, 1.005122e-04
count_primes, wheeler282.alliance.unm.edu, 128, 1, 4.917992e-03, 1.101780e-04
count_primes, wheeler282.alliance.unm.edu, 128, 1, 4.773861e-03, 5.570476e-05
count_primes, wheeler282.alliance.unm.edu, 128, 1, 4.799463e-03, 5.448354e-05
count_primes, wheeler282.alliance.unm.edu, 128, 1, 4.941802e-03, 8.741607e-05
count_primes, wheeler282.alliance.unm.edu, 128, 1, 5.005583e-03, 1.107675e-04
count_primes, wheeler282.alliance.unm.edu, 128, 1, 5.066592e-03, 1.977698e-04
count_primes, wheeler282.alliance.unm.edu, 128, 1, 5.573704e-03, 6.800740e-05
all_to_all, xena-test.xena.alliance.unm.edu, 1, 0, 1.409233e-07, 3.353011e-09
all_to_all, xena-test.xena.alliance.unm.edu, 1, 0, 1.405404e-07, 1.740584e-09
all_to_all, xena-test.xena.alliance.unm.edu, 1, 0, 1.405385e-07, 1.449365e-09
all_to_all, xena-test.xena.alliance.unm.edu, 1, 0, 1.404631e-07, 9.258543e-10
all_to_all, xena-test.xena.alliance.unm.edu, 1, 0, 1.404141e-07, 6.500628e-10
all_to_all, xena-test.xena.alliance.unm.edu, 1, 0, 1.404549e-07, 7.306644e-10
all_to_all, xena-test.xena.alliance.unm.edu, 1, 0, 1.403974e-07, 5.605885e-10
all_to_all, xena-test.xena.alliance.unm.edu, 1, 0, 1.403895e-07, 5.600589e-10
count_primes, xena-test.xena.alliance.unm.edu, 1, 0, 1.803592e-04, 5.895137e-07
count_primes, xena-test.xena.alliance.unm.edu, 1, 0, 1.809320e-04, 2.231338e-07
count_primes, xena-test.xena.alliance.unm.edu, 1, 0, 1.809171e-04, 2.525403e-07
count_primes, xena-test.xena.alliance.unm.edu, 1, 0, 1.808817e-04, 1.949586e-07
count_primes, xena-test.xena.alliance.unm.edu, 1, 0, 1.808839e-04, 2.238642e-07
count_primes, xena-test.xena.alliance.unm.edu, 1, 0, 1.808940e-04, 2.316641e-07
count_primes, xena-test.xena.alliance.unm.edu, 1, 0, 1.807912e-04, 4.085825e-07
count_primes, xena-test.xena.alliance.unm.edu, 1, 0, 1.806779e-04, 5.777290e-07
all_to_all, xena-test.xena.alliance.unm.edu, 2, 0, 1.220751e-06, 2.819323e-08
all_to_all, xena-test.xena.alliance.unm.edu, 2, 0, 1.226478e-06, 1.222663e-08
all_to_all, xena-test.xena.alliance.unm.edu, 2, 0, 1.226312e-06, 5.934417e-09
all_to_all, xena-test.xena.alliance.unm.edu, 2, 0, 1.207969e-06, 5.547809e-09
all_to_all, xena-test.xena.alliance.unm.edu, 2, 0, 1.206424e-06, 3.114690e-09
all_to_all, xena-test.xena.alliance.unm.edu, 2, 0, 1.208490e-06, 8.425593e-09
all_to_all, xena-test.xena.alliance.unm.edu, 2, 0, 1.239323e-06, 2.872773e-08
all_to_all, xena-test.xena.alliance.unm.edu, 2, 0, 1.240218e-06, 5.462124e-09
count_primes, xena-test.xena.alliance.unm.edu, 2, 0, 1.821267e-04, 1.740253e-07
count_primes, xena-test.xena.alliance.unm.edu, 2, 0, 1.821652e-04, 1.810639e-07
count_primes, xena-test.xena.alliance.unm.edu, 2, 0, 1.818160e-04, 2.439738e-07
count_primes, xena-test.xena.alliance.unm.edu, 2, 0, 1.816599e-04, 2.157603e-07
count_primes, xena-test.xena.alliance.unm.edu, 2, 0, 1.817863e-04, 2.403385e-07
count_primes, xena-test.xena.alliance.unm.edu, 2, 0, 1.820284e-04, 1.312912e-07
count_primes, xena-test.xena.alliance.unm.edu, 2, 0, 1.819232e-04, 1.625928e-07
count_primes, xena-test.xena.alliance.unm.edu, 2, 0, 1.818453e-04, 1.459735e-07
all_to_all, xena-test.xena.alliance.unm.edu, 4, 0, 5.943226e-06, 7.000677e-08
all_to_all, xena-test.xena.alliance.unm.edu, 4, 0, 5.936906e-06, 4.029682e-08
all_to_all, xena-test.xena.alliance.unm.edu, 4, 0, 5.948461e-06, 2.833018e-08
all_to_all, xena-test.xena.alliance.unm.edu, 4, 0, 5.947575e-06, 2.858291e-08
all_to_all, xena-test.xena.alliance.unm.edu, 4, 0, 5.950508e-06, 3.958764e-08
all_to_all, xena-test.xena.alliance.unm.edu, 4, 0, 5.947315e-06, 2.777717e-08
all_to_all, xena-test.xena.alliance.unm.edu, 4, 0, 5.947943e-06, 2.925811e-08
all_to_all, xena-test.xena.alliance.unm.edu, 4, 0, 5.939800e-06, 2.960720e-08
count_primes, xena-test.xena.alliance.unm.edu, 4, 0, 1.854846e-04, 1.495586e-06
count_primes, xena-test.xena.alliance.unm.edu, 4, 0, 1.851002e-04, 1.498353e-07
count_primes, xena-test.xena.alliance.unm.edu, 4, 0, 1.849074e-04, 1.602568e-07
count_primes, xena-test.xena.alliance.unm.edu, 4, 0, 1.851456e-04, 2.178122e-06
count_primes, xena-test.xena.alliance.unm.edu, 4, 0, 1.847671e-04, 1.365752e-07
count_primes, xena-test.xena.alliance.unm.edu, 4, 0, 1.848231e-04, 3.109924e-07
count_primes, xena-test.xena.alliance.unm.edu, 4, 0, 1.848042e-04, 1.869921e-07
count_primes, xena-test.xena.alliance.unm.edu, 4, 0, 1.848211e-04, 1.648716e-07
all_to_all, xena-test.xena.alliance.unm.edu, 8, 0, 1.399878e-05, 3.129576e-07
all_to_all, xena-test.xena.alliance.unm.edu, 8, 0, 1.361561e-05, 9.091319e-08
all_to_all, xena-test.xena.alliance.unm.edu, 8, 0, 1.378902e-05, 7.681676e-08
all_to_all, xena-test.xena.alliance.unm.edu, 8, 0, 1.380234e-05, 6.840491e-08
all_to_all, xena-test.xena.alliance.unm.edu, 8, 0, 1.381832e-05, 4.244708e-08
all_to_all, xena-test.xena.alliance.unm.edu, 8, 0, 1.375051e-05, 5.179916e-08
all_to_all, xena-test.xena.alliance.unm.edu, 8, 0, 1.383886e-05, 5.576967e-08
all_to_all, xena-test.xena.alliance.unm.edu, 8, 0, 1.399832e-05, 9.732825e-08
count_primes, xena-test.xena.alliance.unm.edu, 8, 0, 2.033569e-04, 5.434425e-07
count_primes, xena-test.xena.alliance.unm.edu, 8, 0, 2.030804e-04, 2.471802e-07
count_primes, xena-test.xena.alliance.unm.edu, 8, 0, 2.029355e-04, 1.324853e-07
count_primes, xena-test.xena.alliance.unm.edu, 8, 0, 2.028758e-04, 1.974645e-07
count_primes, xena-test.xena.alliance.unm.edu, 8, 0, 2.028681e-04, 1.793851e-07
count_primes, xena-test.xena.alliance.unm.edu, 8, 0, 2.028835e-04, 1.811972e-07
count_primes, xena-test.xena.alliance.unm.edu, 8, 0, 2.028998e-04, 1.882029e-07
count_primes, xena-test.xena.alliance.unm.edu, 8, 0, 2.031590e-04, 2.518223e-07
all_to_all, xena-test.xena.alliance.unm.edu, 16, 1, 7.008681e-05, 3.973948e-06
all_to_all, xena-test.xena.alliance.unm.edu, 16, 1, 6.887391e-05, 7.342007e-07
all_to_all, xena-test.xena.alliance.unm.edu, 16, 1, 6.894225e-05, 8.599111e-07
all_to_all, xena-test.xena.alliance.unm.edu, 16, 1, 6.869319e-05, 7.340611e-07
all_to_all, xena-test.xena.alliance.unm.edu, 16, 1, 6.874507e-05, 7.699033e-07
all_to_all, xena-test.xena.alliance.unm.edu, 16, 1, 6.883529e-05, 7.388515e-07
all_to_all, xena-test.xena.alliance.unm.edu, 16, 1, 6.875810e-05, 7.464979e-07
all_to_all, xena-test.xena.alliance.unm.edu, 16, 1, 6.863395e-05, 7.973696e-07
count_primes, xena-test.xena.alliance.unm.edu, 16, 1, 6.415920e-04, 5.088678e-06
count_primes, xena-test.xena.alliance.unm.edu, 16, 1, 6.401751e-04, 1.319357e-06
count_primes, xena-test.xena.alliance.unm.edu, 16, 1, 6.399680e-04, 1.027978e-06
count_primes, xena-test.xena.alliance.unm.edu, 16, 1, 6.400663e-04, 1.187256e-06
count_primes, xena-test.xena.alliance.unm.edu, 16, 1, 6.400453e-04, 9.657429e-07
count_primes, xena-test.xena.alliance.unm.edu, 16, 1, 6.413652e-04, 4.057672e-06
count_primes, xena-test.xena.alliance.unm.edu, 16, 1, 6.404260e-04, 1.091783e-06
count_primes, xena-test.xena.alliance.unm.edu, 16, 1, 6.401177e-04, 1.131752e-06
all_to_all, xena-test.xena.alliance.unm.edu, 32, 1, 2.989342e-04, 7.938760e-06
all_to_all, xena-test.xena.alliance.unm.edu, 32, 1, 2.988009e-04, 2.980024e-06
all_to_all, xena-test.xena.alliance.unm.edu, 32, 1, 2.987918e-04, 2.892149e-06
all_to_all, xena-test.xena.alliance.unm.edu, 32, 1, 2.471208e-04, 2.257209e-05
all_to_all, xena-test.xena.alliance.unm.edu, 32, 1, 2.368515e-04, 2.549700e-06
all_to_all, xena-test.xena.alliance.unm.edu, 32, 1, 2.372775e-04, 2.816275e-06
all_to_all, xena-test.xena.alliance.unm.edu, 32, 1, 2.516501e-04, 1.226281e-05
all_to_all, xena-test.xena.alliance.unm.edu, 32, 1, 2.614385e-04, 2.195041e-06
count_primes, xena-test.xena.alliance.unm.edu, 32, 1, 1.425370e-03, 1.013991e-04
count_primes, xena-test.xena.alliance.unm.edu, 32, 1, 1.515365e-03, 2.490706e-06
count_primes, xena-test.xena.alliance.unm.edu, 32, 1, 1.512599e-03, 3.810406e-06
count_primes, xena-test.xena.alliance.unm.edu, 32, 1, 1.513947e-03, 5.223058e-06
count_primes, xena-test.xena.alliance.unm.edu, 32, 1, 1.511123e-03, 3.508966e-06
count_primes, xena-test.xena.alliance.unm.edu, 32, 1, 1.515539e-03, 7.774216e-06
count_primes, xena-test.xena.alliance.unm.edu, 32, 1, 1.514715e-03, 3.930467e-06
count_primes, xena-test.xena.alliance.unm.edu, 32, 1, 1.518405e-03, 3.134229e-06
count_primes, xena-test.xena.alliance.unm.edu, 64, 1, 3.129925e-03, 8.161786e-05
count_primes, xena-test.xena.alliance.unm.edu, 64, 1, 3.160672e-03, 3.025815e-05
count_primes, xena-test.xena.alliance.unm.edu, 64, 1, 3.501657e-03, 1.436432e-04
count_primes, xena-test.xena.alliance.unm.edu, 64, 1, 3.642741e-03, 1.672028e-05
count_primes, xena-test.xena.alliance.unm.edu, 64, 1, 3.334255e-03, 3.313509e-04
count_primes, xena-test.xena.alliance.unm.edu, 64, 1, 2.607129e-03, 1.026577e-04
count_primes, xena-test.xena.alliance.unm.edu, 64, 1, 2.749542e-03, 3.052070e-05
count_primes, xena-test.xena.alliance.unm.edu, 64, 1, 2.759074e-03, 3.567044e-05
count_primes, xena-test.xena.alliance.unm.edu, 128, 1, 6.182068e-03, 1.762247e-04
count_primes, xena-test.xena.alliance.unm.edu, 128, 1, 6.189843e-03, 8.690318e-05
count_primes, xena-test.xena.alliance.unm.edu, 128, 1, 6.097601e-03, 3.045061e-04
count_primes, xena-test.xena.alliance.unm.edu, 128, 1, 6.528639e-03, 5.605123e-04
count_primes, xena-test.xena.alliance.unm.edu, 128, 1, 5.939232e-03, 4.886338e-04
count_primes, xena-test.xena.alliance.unm.edu, 128, 1, 5.861287e-03, 3.079567e-04
count_primes, xena-test.xena.alliance.unm.edu, 128, 1, 5.975663e-03, 1.233305e-04
count_primes, xena-test.xena.alliance.unm.edu, 128, 1, 6.122836e-03, 3.142675e-04

all_to_all, yucca, 1, 0, 5.908431e-08, 1.222575e-08
all_to_all, yucca, 1, 0, 7.867272e-08, 2.692176e-10
all_to_all, yucca, 1, 0, 7.903808e-08, 7.461972e-10
all_to_all, yucca, 1, 0, 7.264764e-08, 2.301415e-09
all_to_all, yucca, 1, 0, 7.234079e-08, 1.710004e-10
all_to_all, yucca, 1, 0, 7.235473e-08, 2.662644e-10
all_to_all, yucca, 1, 0, 7.224346e-08, 1.690210e-10
all_to_all, yucca, 1, 0, 7.225709e-08, 2.140303e-10
count_primes, yucca, 1, 0, 1.495818e-04, 1.131417e-05
count_primes, yucca, 1, 0, 1.445165e-04, 2.286431e-06
count_primes, yucca, 1, 0, 1.503417e-04, 1.165131e-05
count_primes, yucca, 1, 0, 1.444131e-04, 1.312233e-06
count_primes, yucca, 1, 0, 1.442026e-04, 1.544801e-06
count_primes, yucca, 1, 0, 1.443663e-04, 1.251115e-06
count_primes, yucca, 1, 0, 1.428774e-04, 2.641817e-06
count_primes, yucca, 1, 0, 1.429424e-04, 2.623722e-06
all_to_all, yucca, 2, 0, 2.272197e-06, 8.316394e-08
all_to_all, yucca, 2, 0, 2.308202e-06, 4.135775e-08
all_to_all, yucca, 2, 0, 2.322081e-06, 1.754629e-08
all_to_all, yucca, 2, 0, 2.266609e-06, 2.685083e-08
all_to_all, yucca, 2, 0, 2.258222e-06, 2.405177e-08
all_to_all, yucca, 2, 0, 2.256988e-06, 1.560517e-08
all_to_all, yucca, 2, 0, 2.260075e-06, 2.145903e-08
all_to_all, yucca, 2, 0, 2.255449e-06, 1.705829e-08
count_primes, yucca, 2, 0, 1.581476e-04, 1.216109e-05
count_primes, yucca, 2, 0, 1.488833e-04, 1.342597e-06
count_primes, yucca, 2, 0, 1.490117e-04, 1.544094e-06
count_primes, yucca, 2, 0, 1.490701e-04, 1.590770e-06
count_primes, yucca, 2, 0, 1.496032e-04, 1.503453e-06
count_primes, yucca, 2, 0, 1.509394e-04, 2.510136e-06
count_primes, yucca, 2, 0, 1.498057e-04, 1.867766e-06
count_primes, yucca, 2, 0, 1.504556e-04, 1.574085e-06
all_to_all, yucca, 4, 0, 6.386063e-06, 1.890009e-07
all_to_all, yucca, 4, 0, 6.382439e-06, 2.043422e-07
all_to_all, yucca, 4, 0, 6.369214e-06, 1.618938e-07
all_to_all, yucca, 4, 0, 6.364640e-06, 1.716966e-07
all_to_all, yucca, 4, 0, 6.340798e-06, 1.991116e-07
all_to_all, yucca, 4, 0, 6.348352e-06, 1.754829e-07
all_to_all, yucca, 4, 0, 6.299852e-06, 8.452983e-08
all_to_all, yucca, 4, 0, 6.326631e-06, 1.470154e-07
count_primes, yucca, 4, 0, 1.699955e-04, 3.538939e-06
count_primes, yucca, 4, 0, 1.713489e-04, 1.430982e-06
count_primes, yucca, 4, 0, 1.728209e-04, 1.422203e-06
count_primes, yucca, 4, 0, 1.735775e-04, 1.157944e-06
count_primes, yucca, 4, 0, 3.584807e-04, 2.710907e-04
count_primes, yucca, 4, 0, 1.674499e-04, 3.928416e-06
count_primes, yucca, 4, 0, 1.708017e-04, 1.090380e-06
count_primes, yucca, 4, 0, 1.728672e-04, 6.701427e-07
all_to_all, yucca, 6, 0, 1.204600e-05, 1.127760e-06
all_to_all, yucca, 6, 0, 1.161980e-05, 2.519686e-07
all_to_all, yucca, 6, 0, 1.168864e-05, 4.724791e-07
all_to_all, yucca, 6, 0, 1.170795e-05, 4.055245e-07
all_to_all, yucca, 6, 0, 3.428952e-05, 1.799005e-05
all_to_all, yucca, 6, 0, 5.709726e-05, 1.168609e-06
all_to_all, yucca, 6, 0, 5.725415e-05, 9.119954e-07
all_to_all, yucca, 6, 0, 5.991062e-05, 1.707508e-06
count_primes, yucca, 6, 0, 1.939319e-04, 6.316557e-05
count_primes, yucca, 6, 0, 1.820756e-04, 2.628530e-06
count_primes, yucca, 6, 0, 4.532781e-04, 2.990084e-04
count_primes, yucca, 6, 0, 1.820076e-04, 9.210391e-06
count_primes, yucca, 6, 0, 1.856005e-04, 2.954366e-06
count_primes, yucca, 6, 0, 4.310416e-04, 2.937579e-04
count_primes, yucca, 6, 0, 1.824190e-04, 8.208001e-06
count_primes, yucca, 6, 0, 1.862356e-04, 2.473860e-06
all_to_all, yucca, 8, 0, 1.965999e-05, 7.090651e-07
all_to_all, yucca, 8, 0, 6.592961e-05, 3.163755e-05
all_to_all, yucca, 8, 0, 1.010211e-04, 9.521616e-07
all_to_all, yucca, 8, 0, 1.017094e-04, 8.378010e-07
all_to_all, yucca, 8, 0, 8.315312e-05, 3.128289e-05
all_to_all, yucca, 8, 0, 2.649081e-05, 1.967356e-06
all_to_all, yucca, 8, 0, 2.343839e-05, 1.723971e-06
all_to_all, yucca, 8, 0, 2.239458e-05, 1.396264e-06
count_primes, yucca, 8, 0, 1.914010e-04, 1.002055e-05
count_primes, yucca, 8, 0, 3.983627e-04, 2.856684e-04
count_primes, yucca, 8, 0, 3.122515e-04, 2.402915e-04
count_primes, yucca, 8, 0, 1.971707e-04, 4.275476e-06
count_primes, yucca, 8, 0, 5.132409e-04, 2.643685e-04
count_primes, yucca, 8, 0, 1.894864e-04, 6.078862e-06
count_primes, yucca, 8, 0, 2.040214e-04, 3.678723e-06
count_primes, yucca, 8, 0, 3.262092e-04, 2.254929e-04
all_to_all, yucca, 32, 1, 4.467250e-04, 3.429133e-04
all_to_all, yucca, 32, 1, 5.146590e-04, 3.520858e-04
all_to_all, yucca, 32, 1, 2.492432e-04, 1.803764e-05
all_to_all, yucca, 32, 1, 5.843502e-04, 3.879653e-04
all_to_all, yucca, 32, 1, 2.502094e-04, 1.386373e-05
all_to_all, yucca, 32, 1, 5.641080e-04, 3.730310e-04
all_to_all, yucca, 32, 1, 3.503877e-04, 2.478278e-04
all_to_all, yucca, 32, 1, 4.168966e-04, 3.405745e-04
count_primes, yucca, 32, 1, 1.533493e-03, 1.115102e-03
count_primes, yucca, 32, 1, 1.552656e-03, 1.108382e-03
count_primes, yucca, 32, 1, 1.322890e-03, 1.051553e-03
count_primes, yucca, 32, 1, 1.421878e-03, 1.107569e-03
count_primes, yucca, 32, 1, 1.553742e-03, 1.110724e-03
count_primes, yucca, 32, 1, 1.217867e-03, 9.059187e-04
count_primes, yucca, 32, 1, 1.605923e-03, 1.116511e-03
count_primes, yucca, 32, 1, 1.609179e-03, 1.156036e-03
count_primes, yucca, 64, 1, 2.891684e-03, 2.054959e-03
count_primes, yucca, 64, 1, 3.199819e-03, 2.105366e-03
count_primes, yucca, 64, 1, 3.042375e-03, 2.055123e-03
count_primes, yucca, 64, 1, 2.764169e-03, 1.971789e-03
count_primes, yucca, 64, 1, 2.935344e-03, 2.031141e-03
count_primes, yucca, 64, 1, 2.938580e-03, 2.021226e-03
count_primes, yucca, 64, 1, 2.999681e-03, 2.025736e-03
count_primes, yucca, 64, 1, 2.817850e-03, 2.015962e-03
count_primes, yucca, 128, 1, 6.958630e-03, 4.541530e-03
count_primes, yucca, 128, 1, 6.903192e-03, 4.600019e-03
count_primes, yucca, 128, 1, 6.826470e-03, 4.501972e-03
count_primes, yucca, 128, 1, 6.691422e-03, 4.373622e-03
count_primes, yucca, 128, 1, 6.425146e-03, 4.154618e-03
count_primes, yucca, 128, 1, 6.287819e-03, 4.260387e-03
count_primes, yucca, 128, 1, 6.813580e-03, 4.584604e-03
count_primes, yucca, 128, 1, 7.024553e-03, 4.534535e-03
